{
    "kodak_endura_premier_uc": {
        "BB3200": {
            "kodak_portra_400_auc": [
                0.750055081735514,
                0.5866268227025928,
                0.35
            ],
            "kodak_ultramax_400_auc": [
                0.7417751913016734,
                0.6545081648615717,
                0.35
            ],
            "kodak_gold_200_auc": [
                0.7090303851884995,
                0.6052036108693702,
                0.35
            ],
            "kodak_vision3_50d_uc": [
                0.5548400564650319,
                0.3750053454386582,
                0.35
            ],
            "fujifilm_pro_400h_auc": [
                0.5523412491755546,
                0.39413987577721976,
                0.35
            ],
            "fujifilm_xtra_400_auc": [
                0.6929549227672216,
                0.5121583721615093,
                0.35
            ],
            "fujifilm_c200_auc": [
                0.7674705038335751,
                0.5996043506271038,
                0.35
            ]
        }
    },
    "kodak_ektacolor_edge_uc": {
        "BB3200": {
            "kodak_portra_400_auc": [
                0.8901337078730179,
                0.7580170943280863,
                0.35
            ],
            "kodak_ultramax_400_auc": [
                0.8854437565775276,
                0.7966232580823932,
                0.35
            ],
            "kodak_gold_200_auc": [
                0.870782193951086,
                0.7670932318923988,
                0.35
            ],
            "kodak_vision3_50d_uc": [
                0.7515492294517547,
                0.5322483870704675,
                0.35
            ],
            "fujifilm_pro_400h_auc": [
                0.7711222326344619,
                0.5840012755833969,
                0.35
            ],
            "fujifilm_xtra_400_auc": [
                0.8362838603818761,
                0.6564859082649532,
                0.35
            ],
            "fujifilm_c200_auc": [
                0.8804671052410304,
                0.7287190748392026,
                0.35
            ]
        }
    },
    "kodak_supra_endura_uc": {
        "BB3200": {
            "kodak_portra_400_auc": [
                0.802759200876501,
                0.22745756140422346,
                0.35
            ],
            "kodak_ultramax_400_auc": [
                0.7519234814927023,
                0.5325927630470441,
                0.35
            ],
            "kodak_gold_200_auc": [
                0.7474913885570578,
                0.48364693057657426,
                0.35
            ],
            "kodak_vision3_50d_uc": [
                0.6582672480348097,
                0.3174923744210241,
                0.35
            ],
            "fujifilm_pro_400h_auc": [
                0.6260317457350772,
                0.377394208340527,
                0.35
            ],
            "fujifilm_xtra_400_auc": [
                0.7557184308928692,
                0.531863979501689,
                0.35
            ],
            "fujifilm_c200_auc": [
                0.8213383296401218,
                0.5387838008622869,
                0.35
            ]
        }
    },
    "kodak_portra_endura_uc": {
        "BB3200": {
            "kodak_portra_400_auc": [
                0.8266520672129865,
                0.21889823139148276,
                0.35
            ],
            "kodak_ultramax_400_auc": [
                0.7818868842235339,
                0.5210917412983003,
                0.35
            ],
            "kodak_gold_200_auc": [
                0.7780358939762134,
                0.4711157740350609,
                0.35
            ],
            "kodak_vision3_50d_uc": [
                0.7000023004593767,
                0.29460140245987115,
                0.35
            ],
            "fujifilm_pro_400h_auc": [
                0.6715920796238285,
                0.35355944770020176,
                0.35
            ],
            "fujifilm_xtra_400_auc": [
                0.7853584127162866,
                0.5198658895932198,
                0.35
            ],
            "fujifilm_c200_auc": [
                0.8430007679653496,
                0.5329401150132768,
                0.35
            ]
        }
    },
    "fujifilm_crystal_archive_typeii_uc": {
        "BB3200": {
            "kodak_portra_400_auc": [
                0.9103109234757424,
                0.7127613509060685,
                0.35
            ],
            "kodak_ultramax_400_auc": [
                0.911032308865353,
                0.756716751398113,
                0.35
            ],
            "kodak_gold_200_auc": [
                0.9017227655486795,
                0.7200553474090378,
                0.35
            ],
            "kodak_vision3_50d_uc": [
                0.784091951025536,
                0.2949546770172182,
                0.35
            ],
            "fujifilm_pro_400h_auc": [
                0.8157982498505344,
                0.43709044973544786,
                0.35
            ],
            "fujifilm_xtra_400_auc": [
                0.8645001755003328,
                0.5039568962646772,
                0.35
            ],
            "fujifilm_c200_auc": [
                0.8986490271544153,
                0.6344636189950372,
                0.35
            ]
        }
    }
}