{
    "kodak_endura_premier_uc": {
        "BB3200": {
            "kodak_portra_400_auc": [
                0.7365302113760318,
                0.5805526517309831,
                0.35
            ],
            "kodak_ultramax_400_auc": [
                0.7239035228091361,
                0.6483908944841364,
                0.35
            ],
            "kodak_gold_200_auc": [
                0.6915286054665657,
                0.6022775131645066,
                0.35
            ],
            "kodak_vision3_50d_uc": [
                0.5481177370025003,
                0.40038578445377104,
                0.35
            ],
            "fujifilm_pro_400h_auc": [
                0.5582248846027936,
                0.4289515623954696,
                0.35
            ],
            "fujifilm_xtra_400_auc": [
                0.684755169246937,
                0.512212346064899,
                0.35
            ],
            "fujifilm_c200_auc": [
                0.7741977036753596,
                0.605129458516299,
                0.35
            ]
        }
    },
    "kodak_ektacolor_edge_uc": {
        "BB3200": {
            "kodak_portra_400_auc": [
                0.8838777613540554,
                0.7371697592657649,
                0.35
            ],
            "kodak_ultramax_400_auc": [
                0.87765946894438,
                0.7783808956832605,
                0.35
            ],
            "kodak_gold_200_auc": [
                0.8634074072625847,
                0.7492578784466573,
                0.35
            ],
            "kodak_vision3_50d_uc": [
                0.7529200051160053,
                0.5302616463520602,
                0.35
            ],
            "fujifilm_pro_400h_auc": [
                0.7836571899686268,
                0.5984857724333833,
                0.35
            ],
            "fujifilm_xtra_400_auc": [
                0.8344444166413908,
                0.6379652459929366,
                0.35
            ],
            "fujifilm_c200_auc": [
                0.8887443183326807,
                0.7265097389628923,
                0.35
            ]
        }
    },
    "kodak_supra_endura_uc": {
        "BB3200": {
            "kodak_portra_400_auc": [
                0.8012797736893155,
                0.19652361069010363,
                0.35
            ],
            "kodak_ultramax_400_auc": [
                0.7364301611018488,
                0.5307525649091368,
                0.35
            ],
            "kodak_gold_200_auc": [
                0.7452933581737491,
                0.4611725725179494,
                0.35
            ],
            "kodak_vision3_50d_uc": [
                0.6459579153977895,
                0.3229980913058797,
                0.35
            ],
            "fujifilm_pro_400h_auc": [
                0.6316470879369406,
                0.37509476825011406,
                0.35
            ],
            "fujifilm_xtra_400_auc": [
                0.7423112012122279,
                0.5338560307028081,
                0.35
            ],
            "fujifilm_c200_auc": [
                0.8285859577583983,
                0.5090534730966108,
                0.35
            ]
        }
    },
    "kodak_portra_endura_uc": {
        "BB3200": {
            "kodak_portra_400_auc": [
                0.8260764385406062,
                0.18922033823095058,
                0.35
            ],
            "kodak_ultramax_400_auc": [
                0.7692042379637251,
                0.5183355364581157,
                0.35
            ],
            "kodak_gold_200_auc": [
                0.777027002706398,
                0.4489306577418961,
                0.35
            ],
            "kodak_vision3_50d_uc": [
                0.6904784908755999,
                0.29970534863487935,
                0.35
            ],
            "fujifilm_pro_400h_auc": [
                0.6778065441371262,
                0.35202902967850325,
                0.35
            ],
            "fujifilm_xtra_400_auc": [
                0.7744930914470313,
                0.5209934570235095,
                0.35
            ],
            "fujifilm_c200_auc": [
                0.8499691876646948,
                0.5043162590168624,
                0.35
            ]
        }
    },
    "fujifilm_crystal_archive_typeii_uc": {
        "BB3200": {
            "kodak_portra_400_auc": [
                0.9057891528649912,
                0.6861883606998944,
                0.35
            ],
            "kodak_ultramax_400_auc": [
                0.9062359747600555,
                0.733203945841987,
                0.35
            ],
            "kodak_gold_200_auc": [
                0.8963708785693599,
                0.6962794575597181,
                0.35
            ],
            "kodak_vision3_50d_uc": [
                0.7845597189817939,
                0.27997810232682324,
                0.35
            ],
            "fujifilm_pro_400h_auc": [
                0.8297897925858666,
                0.4714291208161459,
                0.35
            ],
            "fujifilm_xtra_400_auc": [
                0.8606492652639106,
                0.45629192195719737,
                0.35
            ],
            "fujifilm_c200_auc": [
                0.907753905757209,
                0.6404757950989733,
                0.35
            ]
        }
    }
}