{
    "kodak_endura_premier_uc": {
        "BB3200": {
            "kodak_portra_400_auc": [
                0.7750954032671015,
                0.5754062011244422,
                0.35
            ],
            "kodak_ultramax_400_auc": [
                0.7376555538332829,
                0.6128616409113212,
                0.35
            ],
            "kodak_gold_200_auc": [
                0.7072143361693839,
                0.5339427010933308,
                0.35
            ],
            "kodak_vision3_50d_uc": [
                0.5597838001027144,
                0.2763232188192449,
                0.35
            ],
            "fujifilm_pro_400h_auc": [
                0.5743434177093069,
                0.367163933242055,
                0.35
            ],
            "fujifilm_xtra_400_auc": [
                0.6840750390097075,
                0.3940399650855871,
                0.35
            ],
            "fujifilm_c200_auc": [
                0.7563535683381197,
                0.558146514346082,
                0.35
            ]
        }
    },
    "kodak_ektacolor_edge_uc": {
        "BB3200": {
            "kodak_portra_400_auc": [
                0.9006521530048409,
                0.7500104659632032,
                0.35
            ],
            "kodak_ultramax_400_auc": [
                0.88305836639325,
                0.7703323676864358,
                0.35
            ],
            "kodak_gold_200_auc": [
                0.8693747904011038,
                0.7229943312109097,
                0.35
            ],
            "kodak_vision3_50d_uc": [
                0.7494391747815773,
                0.44764700165476445,
                0.35
            ],
            "fujifilm_pro_400h_auc": [
                0.7839254773172887,
                0.5688202133288675,
                0.35
            ],
            "fujifilm_xtra_400_auc": [
                0.8319908945168197,
                0.575906796532084,
                0.35
            ],
            "fujifilm_c200_auc": [
                0.8757348004069649,
                0.7040248875276551,
                0.35
            ]
        }
    },
    "kodak_supra_endura_uc": {
        "BB3200": {
            "kodak_portra_400_auc": [
                0.827331968953656,
                0.19083993533507998,
                0.35
            ],
            "kodak_ultramax_400_auc": [
                0.7629736809483667,
                0.4741768666871076,
                0.35
            ],
            "kodak_gold_200_auc": [
                0.7636952570501797,
                0.3853519078193659,
                0.35
            ],
            "kodak_vision3_50d_uc": [
                0.6688832402646668,
                0.2496534209774378,
                0.35
            ],
            "fujifilm_pro_400h_auc": [
                0.6752973394808425,
                0.3656845574456045,
                0.35
            ],
            "fujifilm_xtra_400_auc": [
                0.7674337252868995,
                0.5296271579401037,
                0.35
            ],
            "fujifilm_c200_auc": [
                0.8320978161087067,
                0.5555932353382321,
                0.35
            ]
        }
    },
    "kodak_portra_endura_uc": {
        "BB3200": {
            "kodak_portra_400_auc": [
                0.848152234770598,
                0.18313802115691724,
                0.35
            ],
            "kodak_ultramax_400_auc": [
                0.7913555033273435,
                0.4609450483804098,
                0.35
            ],
            "kodak_gold_200_auc": [
                0.7920058935192857,
                0.3700872123104506,
                0.35
            ],
            "kodak_vision3_50d_uc": [
                0.7089953626797176,
                0.2221999273077977,
                0.35
            ],
            "fujifilm_pro_400h_auc": [
                0.7144358288226369,
                0.3432956142798287,
                0.35
            ],
            "fujifilm_xtra_400_auc": [
                0.7954833342912246,
                0.5162243859353502,
                0.35
            ],
            "fujifilm_c200_auc": [
                0.8524118353592771,
                0.5501354561390647,
                0.35
            ]
        }
    },
    "fujifilm_crystal_archive_typeii_uc": {
        "BB3200": {
            "kodak_portra_400_auc": [
                0.9217316238401191,
                0.7087878304137573,
                0.35
            ],
            "kodak_ultramax_400_auc": [
                0.9127223976281158,
                0.7296197641440656,
                0.35
            ],
            "kodak_gold_200_auc": [
                0.9051021598790302,
                0.672915891661034,
                0.35
            ],
            "kodak_vision3_50d_uc": [
                0.7942563167929039,
                0.16617513302473955,
                0.35
            ],
            "fujifilm_pro_400h_auc": [
                0.8356515922248372,
                0.4234647330787838,
                0.35
            ],
            "fujifilm_xtra_400_auc": [
                0.8783989621833979,
                0.38516543795496366,
                0.35
            ],
            "fujifilm_c200_auc": [
                0.9033811147403152,
                0.6028789653844563,
                0.35
            ]
        }
    }
}