{
    "kodak_endura_premier_uc": {
        "BB3200": {
            "kodak_portra_400_auc": [
                0.7291301713475805,
                0.535392036916007,
                0.35
            ],
            "kodak_ultramax_400_auc": [
                0.6866170257963344,
                0.581234582433825,
                0.35
            ],
            "kodak_gold_200_auc": [
                0.6469718777083847,
                0.5256027604642473,
                0.35
            ],
            "kodak_vision3_50d_uc": [
                0.4880890244157143,
                0.29850224556600785,
                0.35
            ],
            "fujifilm_pro_400h_auc": [
                0.5698047295507882,
                0.3881339975505419,
                0.35
            ],
            "fujifilm_xtra_400_auc": [
                0.7053224922948829,
                0.505388842205733,
                0.35
            ],
            "fujifilm_c200_auc": [
                0.7706374126497364,
                0.5841758636097563,
                0.35
            ]
        }
    },
    "kodak_ektacolor_edge_uc": {
        "BB3200": {
            "kodak_portra_400_auc": [
                0.8809746654634686,
                0.7281248875055689,
                0.35
            ],
            "kodak_ultramax_400_auc": [
                0.8610013906131013,
                0.7528814542144346,
                0.35
            ],
            "kodak_gold_200_auc": [
                0.8432793609884316,
                0.7192041139490047,
                0.35
            ],
            "kodak_vision3_50d_uc": [
                0.7147827722373031,
                0.47413924309342703,
                0.35
            ],
            "fujifilm_pro_400h_auc": [
                0.7800108351138727,
                0.5804179942485446,
                0.35
            ],
            "fujifilm_xtra_400_auc": [
                0.8429203116466089,
                0.6521239176470375,
                0.35
            ],
            "fujifilm_c200_auc": [
                0.8820942685169275,
                0.7183341713576391,
                0.35
            ]
        }
    },
    "kodak_supra_endura_uc": {
        "BB3200": {
            "kodak_portra_400_auc": [
                0.7873406764314067,
                0.15218393726692506,
                0.35
            ],
            "kodak_ultramax_400_auc": [
                0.7002128486207645,
                0.47493074561024984,
                0.35
            ],
            "kodak_gold_200_auc": [
                0.6962283727528349,
                0.42209616844419245,
                0.35
            ],
            "kodak_vision3_50d_uc": [
                0.6108435407652019,
                0.2734075645991875,
                0.35
            ],
            "fujifilm_pro_400h_auc": [
                0.6386922758812061,
                0.36672531217988147,
                0.35
            ],
            "fujifilm_xtra_400_auc": [
                0.7653370860710266,
                0.5211409202121084,
                0.35
            ],
            "fujifilm_c200_auc": [
                0.8233933723082166,
                0.5221950332832979,
                0.35
            ]
        }
    },
    "kodak_portra_endura_uc": {
        "BB3200": {
            "kodak_portra_400_auc": [
                0.8130858570957689,
                0.1404025420301594,
                0.35
            ],
            "kodak_ultramax_400_auc": [
                0.7364707140997591,
                0.4584292353510574,
                0.35
            ],
            "kodak_gold_200_auc": [
                0.7330271326575853,
                0.4042343026272064,
                0.35
            ],
            "kodak_vision3_50d_uc": [
                0.6585277555201442,
                0.2455942632354018,
                0.35
            ],
            "fujifilm_pro_400h_auc": [
                0.6826736816363032,
                0.3430460812985822,
                0.35
            ],
            "fujifilm_xtra_400_auc": [
                0.7937977673563127,
                0.5093999001795045,
                0.35
            ],
            "fujifilm_c200_auc": [
                0.8448042082175514,
                0.516189585154702,
                0.35
            ]
        }
    },
    "fujifilm_crystal_archive_typeii_uc": {
        "BB3200": {
            "kodak_portra_400_auc": [
                0.9035057587991876,
                0.677205725141427,
                0.35
            ],
            "kodak_ultramax_400_auc": [
                0.8940173495960008,
                0.7038499616394391,
                0.35
            ],
            "kodak_gold_200_auc": [
                0.8832463502607454,
                0.6615718345985807,
                0.35
            ],
            "kodak_vision3_50d_uc": [
                0.7589549986005506,
                0.20300020902330293,
                0.35
            ],
            "fujifilm_pro_400h_auc": [
                0.8222900854358518,
                0.4326973844561853,
                0.35
            ],
            "fujifilm_xtra_400_auc": [
                0.8693307123431567,
                0.49804741639767786,
                0.35
            ],
            "fujifilm_c200_auc": [
                0.8999098098524211,
                0.6204668542375861,
                0.35
            ]
        }
    }
}