{
    "kodak_endura_premier_uc": {
        "BB3200": {
            "kodak_portra_400_auc": [
                0.7285269049700857,
                0.5415286321137516,
                0.35
            ],
            "kodak_ultramax_400_auc": [
                0.6886636990622347,
                0.5935636808049474,
                0.35
            ],
            "kodak_gold_200_auc": [
                0.6463311126310534,
                0.5371057823569955,
                0.35
            ],
            "kodak_vision3_50d_uc": [
                0.48484340270796744,
                0.30543868624863607,
                0.35
            ],
            "fujifilm_pro_400h_auc": [
                0.5720670445454996,
                0.38949709709313995,
                0.35
            ],
            "fujifilm_xtra_400_auc": [
                0.705813503647318,
                0.5071639728420098,
                0.35
            ],
            "fujifilm_c200_auc": [
                0.7748146433823662,
                0.5922923820680077,
                0.35
            ]
        }
    },
    "kodak_ektacolor_edge_uc": {
        "BB3200": {
            "kodak_portra_400_auc": [
                0.8806990696019338,
                0.7316411886764965,
                0.35
            ],
            "kodak_ultramax_400_auc": [
                0.8618888991196739,
                0.7601104577212084,
                0.35
            ],
            "kodak_gold_200_auc": [
                0.8429749783552645,
                0.7259124656101268,
                0.35
            ],
            "kodak_vision3_50d_uc": [
                0.7129460880353437,
                0.4791359367326488,
                0.35
            ],
            "fujifilm_pro_400h_auc": [
                0.7811663109046075,
                0.5814114081177393,
                0.35
            ],
            "fujifilm_xtra_400_auc": [
                0.8431851762938918,
                0.6533884032922185,
                0.35
            ],
            "fujifilm_c200_auc": [
                0.8842709566927,
                0.7239593476453042,
                0.35
            ]
        }
    },
    "kodak_supra_endura_uc": {
        "BB3200": {
            "kodak_portra_400_auc": [
                0.787107791650179,
                0.16312967550850532,
                0.35
            ],
            "kodak_ultramax_400_auc": [
                0.7023978598383998,
                0.48770155253795594,
                0.35
            ],
            "kodak_gold_200_auc": [
                0.6958490238574023,
                0.4352598790054492,
                0.35
            ],
            "kodak_vision3_50d_uc": [
                0.6085101076410775,
                0.28219804788586417,
                0.35
            ],
            "fujifilm_pro_400h_auc": [
                0.6403887918212375,
                0.36704437287232533,
                0.35
            ],
            "fujifilm_xtra_400_auc": [
                0.7657465752144959,
                0.5224827011971371,
                0.35
            ],
            "fujifilm_c200_auc": [
                0.8266770605940171,
                0.5291835155652284,
                0.35
            ]
        }
    },
    "kodak_portra_endura_uc": {
        "BB3200": {
            "kodak_portra_400_auc": [
                0.8128822960553536,
                0.15150453351337015,
                0.35
            ],
            "kodak_ultramax_400_auc": [
                0.7383908754457471,
                0.47182355469518295,
                0.35
            ],
            "kodak_gold_200_auc": [
                0.732697164237993,
                0.4178661808422112,
                0.35
            ],
            "kodak_vision3_50d_uc": [
                0.6564873814068757,
                0.25464688366608995,
                0.35
            ],
            "fujifilm_pro_400h_auc": [
                0.6841594915113025,
                0.3434397638599406,
                0.35
            ],
            "fujifilm_xtra_400_auc": [
                0.7941566478956978,
                0.5108146958599521,
                0.35
            ],
            "fujifilm_c200_auc": [
                0.8476891112777911,
                0.5235622882197265,
                0.35
            ]
        }
    },
    "fujifilm_crystal_archive_typeii_uc": {
        "BB3200": {
            "kodak_portra_400_auc": [
                0.9033005036122486,
                0.6813457431692255,
                0.35
            ],
            "kodak_ultramax_400_auc": [
                0.8946242953997859,
                0.7124930049745839,
                0.35
            ],
            "kodak_gold_200_auc": [
                0.8830279907238876,
                0.6695945408300231,
                0.35
            ],
            "kodak_vision3_50d_uc": [
                0.7575365661461895,
                0.2105259799224859,
                0.35
            ],
            "fujifilm_pro_400h_auc": [
                0.8230912766421017,
                0.4341109807910111,
                0.35
            ],
            "fujifilm_xtra_400_auc": [
                0.8695132673916939,
                0.49990926244488304,
                0.35
            ],
            "fujifilm_c200_auc": [
                0.9015872369795217,
                0.6281908922225533,
                0.35
            ]
        }
    }
}