{
    "kodak_endura_premier_uc": {
        "BB3200": {
            "kodak_portra_400_auc": [
                0.7187014260413709,
                0.5467366113422018,
                0.35
            ],
            "kodak_ultramax_400_auc": [
                0.6705612965528444,
                0.5901712651208497,
                0.35
            ],
            "kodak_gold_200_auc": [
                0.6605006440446171,
                0.5461901837243465,
                0.35
            ],
            "kodak_vision3_50d_uc": [
                0.45762415950435065,
                0.1947064885009953,
                0.35
            ],
            "fujifilm_pro_400h_auc": [
                0.5549863198513592,
                0.33740832175394103,
                0.35
            ],
            "fujifilm_xtra_400_auc": [
                0.666880961033159,
                0.292339882724272,
                0.35
            ],
            "fujifilm_c200_auc": [
                0.741246511122635,
                0.49560837335783103,
                0.35
            ]
        }
    },
    "kodak_ektacolor_edge_uc": {
        "BB3200": {
            "kodak_portra_400_auc": [
                0.8750908629924186,
                0.7301845060673116,
                0.35
            ],
            "kodak_ultramax_400_auc": [
                0.8523555530272189,
                0.7535707970863024,
                0.35
            ],
            "kodak_gold_200_auc": [
                0.8477369127846471,
                0.7266930252862419,
                0.35
            ],
            "kodak_vision3_50d_uc": [
                0.6863751526103564,
                0.3706302666109994,
                0.35
            ],
            "fujifilm_pro_400h_auc": [
                0.7756784205955146,
                0.5500849212521987,
                0.35
            ],
            "fujifilm_xtra_400_auc": [
                0.823619505183696,
                0.5058777440990165,
                0.35
            ],
            "fujifilm_c200_auc": [
                0.8690687274261472,
                0.6648201665548861,
                0.35
            ]
        }
    },
    "kodak_supra_endura_uc": {
        "BB3200": {
            "kodak_portra_400_auc": [
                0.7973183619998094,
                0.1690790160396049,
                0.35
            ],
            "kodak_ultramax_400_auc": [
                0.7217405422888789,
                0.4695616939221615,
                0.35
            ],
            "kodak_gold_200_auc": [
                0.744491085327504,
                0.4093371641601043,
                0.35
            ],
            "kodak_vision3_50d_uc": [
                0.6068867241954741,
                0.2602752056002949,
                0.35
            ],
            "fujifilm_pro_400h_auc": [
                0.6872221139517405,
                0.35860691532949757,
                0.35
            ],
            "fujifilm_xtra_400_auc": [
                0.7729267553620139,
                0.5352953862979624,
                0.35
            ],
            "fujifilm_c200_auc": [
                0.8388846251012541,
                0.5480744580357693,
                0.35
            ]
        }
    },
    "kodak_portra_endura_uc": {
        "BB3200": {
            "kodak_portra_400_auc": [
                0.8214857886807163,
                0.15571775942758218,
                0.35
            ],
            "kodak_ultramax_400_auc": [
                0.7547043731709258,
                0.4528878035564719,
                0.35
            ],
            "kodak_gold_200_auc": [
                0.774815437928248,
                0.3927340472735943,
                0.35
            ],
            "kodak_vision3_50d_uc": [
                0.6542580598196495,
                0.22704858481092155,
                0.35
            ],
            "fujifilm_pro_400h_auc": [
                0.7246227248021997,
                0.33604297103885655,
                0.35
            ],
            "fujifilm_xtra_400_auc": [
                0.8001487363582892,
                0.5209484374479244,
                0.35
            ],
            "fujifilm_c200_auc": [
                0.8583369761562428,
                0.5425166760563622,
                0.35
            ]
        }
    },
    "fujifilm_crystal_archive_typeii_uc": {
        "BB3200": {
            "kodak_portra_400_auc": [
                0.907247047820903,
                0.6911100088008503,
                0.35
            ],
            "kodak_ultramax_400_auc": [
                0.8960190754117192,
                0.7138034202607841,
                0.35
            ],
            "kodak_gold_200_auc": [
                0.8950261703191802,
                0.6817725702586606,
                0.35
            ],
            "kodak_vision3_50d_uc": [
                0.76486074152109,
                0.04425166291328209,
                0.35
            ],
            "fujifilm_pro_400h_auc": [
                0.8386644319583837,
                0.40414301899952093,
                0.35
            ],
            "fujifilm_xtra_400_auc": [
                0.8876207069105791,
                0.2785505313521638,
                0.35
            ],
            "fujifilm_c200_auc": [
                0.9061352549455977,
                0.5513751425784887,
                0.35
            ]
        }
    }
}