{
    "kodak_endura_premier_uc": {
        "BB3200": {
            "kodak_portra_400_auc": [
                0.7291306269610319,
                0.5353919889942271,
                0.35
            ],
            "kodak_ultramax_400_auc": [
                0.6866167894955243,
                0.5812328583905414,
                0.35
            ],
            "kodak_gold_200_auc": [
                0.6469709534161718,
                0.5255988699358919,
                0.35
            ],
            "kodak_vision3_50d_uc": [
                0.48808784643973574,
                0.29849985238243343,
                0.35
            ],
            "fujifilm_pro_400h_auc": [
                0.5698063959955842,
                0.3881354075931649,
                0.35
            ],
            "fujifilm_xtra_400_auc": [
                0.7053245467795113,
                0.5053908934848147,
                0.35
            ],
            "fujifilm_c200_auc": [
                0.7706383504989617,
                0.584176052818204,
                0.35
            ]
        }
    },
    "kodak_ektacolor_edge_uc": {
        "BB3200": {
            "kodak_portra_400_auc": [
                0.8809748630596663,
                0.7281248851405634,
                0.35
            ],
            "kodak_ultramax_400_auc": [
                0.8610013333932183,
                0.7528804374573151,
                0.35
            ],
            "kodak_gold_200_auc": [
                0.8432782056227699,
                0.7192004070356439,
                0.35
            ],
            "kodak_vision3_50d_uc": [
                0.7147822043596728,
                0.4741400495778336,
                0.35
            ],
            "fujifilm_pro_400h_auc": [
                0.7800114636944181,
                0.5804175301703725,
                0.35
            ],
            "fujifilm_xtra_400_auc": [
                0.8429214008928706,
                0.6521262881442157,
                0.35
            ],
            "fujifilm_c200_auc": [
                0.8820947671015252,
                0.7183346782387884,
                0.35
            ]
        }
    },
    "kodak_supra_endura_uc": {
        "BB3200": {
            "kodak_portra_400_auc": [
                0.7873410712150147,
                0.1521852954052095,
                0.35
            ],
            "kodak_ultramax_400_auc": [
                0.7002127609026443,
                0.4749295062887513,
                0.35
            ],
            "kodak_gold_200_auc": [
                0.696227822465475,
                0.42209445025199055,
                0.35
            ],
            "kodak_vision3_50d_uc": [
                0.6108427400218488,
                0.27340722692991515,
                0.35
            ],
            "fujifilm_pro_400h_auc": [
                0.638693769788614,
                0.3667246087482576,
                0.35
            ],
            "fujifilm_xtra_400_auc": [
                0.765338953932043,
                0.5211413718242334,
                0.35
            ],
            "fujifilm_c200_auc": [
                0.8233942466013809,
                0.5221967734956996,
                0.35
            ]
        }
    },
    "kodak_portra_endura_uc": {
        "BB3200": {
            "kodak_portra_400_auc": [
                0.8130863827109113,
                0.14042778601970515,
                0.35
            ],
            "kodak_ultramax_400_auc": [
                0.7364706373981067,
                0.458427755563309,
                0.35
            ],
            "kodak_gold_200_auc": [
                0.7330268753055367,
                0.40423195507273574,
                0.35
            ],
            "kodak_vision3_50d_uc": [
                0.6585263129823394,
                0.24562296391301577,
                0.35
            ],
            "fujifilm_pro_400h_auc": [
                0.6826751850058321,
                0.34303416464367914,
                0.35
            ],
            "fujifilm_xtra_400_auc": [
                0.7937988031598633,
                0.5094047280123658,
                0.35
            ],
            "fujifilm_c200_auc": [
                0.8448050933083479,
                0.5161983284842788,
                0.35
            ]
        }
    },
    "fujifilm_crystal_archive_typeii_uc": {
        "BB3200": {
            "kodak_portra_400_auc": [
                0.9035059929848523,
                0.677206062672238,
                0.35
            ],
            "kodak_ultramax_400_auc": [
                0.8940173102436262,
                0.7038490440003978,
                0.35
            ],
            "kodak_gold_200_auc": [
                0.8832462756199506,
                0.6615690131331887,
                0.35
            ],
            "kodak_vision3_50d_uc": [
                0.7589546070087333,
                0.20299782789409143,
                0.35
            ],
            "fujifilm_pro_400h_auc": [
                0.8222914132200844,
                0.43267490950155924,
                0.35
            ],
            "fujifilm_xtra_400_auc": [
                0.869331618080767,
                0.4980501227634511,
                0.35
            ],
            "fujifilm_c200_auc": [
                0.899910241880024,
                0.6204675359285869,
                0.35
            ]
        }
    }
}