{
    "kodak_endura_premier_uc": {
        "BB3200": {
            "kodak_portra_400_auc": [
                0.7346336447718959,
                0.5823308284714869,
                0.35
            ],
            "kodak_ultramax_400_auc": [
                0.7221411570868217,
                0.6499344516676029,
                0.35
            ],
            "kodak_gold_200_auc": [
                0.6894394900860438,
                0.6040634413925019,
                0.35
            ],
            "kodak_vision3_50d_uc": [
                0.5450517631711976,
                0.4028599191747282,
                0.35
            ],
            "fujifilm_pro_400h_auc": [
                0.5551551491029423,
                0.43229095604968787,
                0.35
            ],
            "fujifilm_xtra_400_auc": [
                0.6828990742801291,
                0.5146116416493379,
                0.35
            ],
            "fujifilm_c200_auc": [
                0.7726780404920243,
                0.6072427897091375,
                0.35
            ]
        }
    },
    "kodak_ektacolor_edge_uc": {
        "BB3200": {
            "kodak_portra_400_auc": [
                0.8820757392350369,
                0.7360975020133865,
                0.35
            ],
            "kodak_ultramax_400_auc": [
                0.8758625205768324,
                0.7775314938090438,
                0.35
            ],
            "kodak_gold_200_auc": [
                0.8613524316452825,
                0.7483249187452188,
                0.35
            ],
            "kodak_vision3_50d_uc": [
                0.7492275261935107,
                0.5283532454317819,
                0.35
            ],
            "fujifilm_pro_400h_auc": [
                0.7803956529851623,
                0.5975421536581246,
                0.35
            ],
            "fujifilm_xtra_400_auc": [
                0.8321186975569633,
                0.6368192963965242,
                0.35
            ],
            "fujifilm_c200_auc": [
                0.88708332529425,
                0.7257527241743057,
                0.35
            ]
        }
    },
    "kodak_supra_endura_uc": {
        "BB3200": {
            "kodak_portra_400_auc": [
                0.7996799929181209,
                0.20384150933789183,
                0.35
            ],
            "kodak_ultramax_400_auc": [
                0.7342282759447794,
                0.5355432329469931,
                0.35
            ],
            "kodak_gold_200_auc": [
                0.7430988108267232,
                0.4665001385087244,
                0.35
            ],
            "kodak_vision3_50d_uc": [
                0.6428022181136849,
                0.3301637563681783,
                0.35
            ],
            "fujifilm_pro_400h_auc": [
                0.6286359087151736,
                0.3818118824390777,
                0.35
            ],
            "fujifilm_xtra_400_auc": [
                0.7401447278383102,
                0.5386930822857678,
                0.35
            ],
            "fujifilm_c200_auc": [
                0.8271071851336432,
                0.5136004745737119,
                0.35
            ]
        }
    },
    "kodak_portra_endura_uc": {
        "BB3200": {
            "kodak_portra_400_auc": [
                0.8239429286474425,
                0.19397097820027817,
                0.35
            ],
            "kodak_ultramax_400_auc": [
                0.7663290588624161,
                0.5218814047456448,
                0.35
            ],
            "kodak_gold_200_auc": [
                0.7741901967581455,
                0.45280080115502647,
                0.35
            ],
            "kodak_vision3_50d_uc": [
                0.6864687630181404,
                0.30533689707329925,
                0.35
            ],
            "fujifilm_pro_400h_auc": [
                0.6738637783299444,
                0.3574108900739414,
                0.35
            ],
            "fujifilm_xtra_400_auc": [
                0.7716873197976591,
                0.5246492147966181,
                0.35
            ],
            "fujifilm_c200_auc": [
                0.8480640611770431,
                0.5073527613403556,
                0.35
            ]
        }
    },
    "fujifilm_crystal_archive_typeii_uc": {
        "BB3200": {
            "kodak_portra_400_auc": [
                0.9049721721101002,
                0.689103836752993,
                0.35
            ],
            "kodak_ultramax_400_auc": [
                0.9055059769678587,
                0.7357140143803398,
                0.35
            ],
            "kodak_gold_200_auc": [
                0.8955172105840402,
                0.6991581381187715,
                0.35
            ],
            "kodak_vision3_50d_uc": [
                0.782694577513721,
                0.28674058881446707,
                0.35
            ],
            "fujifilm_pro_400h_auc": [
                0.8282771216871999,
                0.4772136787499767,
                0.35
            ],
            "fujifilm_xtra_400_auc": [
                0.8595541420772679,
                0.4618099272627155,
                0.35
            ],
            "fujifilm_c200_auc": [
                0.9069745292003064,
                0.6442314334321602,
                0.35
            ]
        }
    }
}