{
    "kodak_endura_premier_uc": {
        "BB3200": {
            "kodak_portra_400_auc": [
                0.7291306427301851,
                0.5353929235679644,
                0.35
            ],
            "kodak_ultramax_400_auc": [
                0.6866170406542379,
                0.5812329102226164,
                0.35
            ],
            "kodak_gold_200_auc": [
                0.6469705838347779,
                0.5255976414457124,
                0.35
            ],
            "kodak_vision3_50d_uc": [
                0.4880885935869312,
                0.2985015370414751,
                0.35
            ],
            "fujifilm_pro_400h_auc": [
                0.5698067592453516,
                0.3881368301846042,
                0.35
            ],
            "fujifilm_xtra_400_auc": [
                0.7053255899001488,
                0.5053966683171269,
                0.35
            ],
            "fujifilm_c200_auc": [
                0.7706402443099999,
                0.5841787765456564,
                0.35
            ]
        }
    },
    "kodak_ektacolor_edge_uc": {
        "BB3200": {
            "kodak_portra_400_auc": [
                0.8809749013364525,
                0.7281255289190098,
                0.35
            ],
            "kodak_ultramax_400_auc": [
                0.8610014199516856,
                0.7528807885771139,
                0.35
            ],
            "kodak_gold_200_auc": [
                0.8432780675384597,
                0.7192004413646909,
                0.35
            ],
            "kodak_vision3_50d_uc": [
                0.7147828413724708,
                0.4741396872834876,
                0.35
            ],
            "fujifilm_pro_400h_auc": [
                0.7800116354568168,
                0.5804199274466586,
                0.35
            ],
            "fujifilm_xtra_400_auc": [
                0.8429219496406164,
                0.6521302343518021,
                0.35
            ],
            "fujifilm_c200_auc": [
                0.8820957655621086,
                0.7183365220200382,
                0.35
            ]
        }
    },
    "kodak_supra_endura_uc": {
        "BB3200": {
            "kodak_portra_400_auc": [
                0.7873410486829232,
                0.15226095496614608,
                0.35
            ],
            "kodak_ultramax_400_auc": [
                0.7002119321623637,
                0.4749298426929418,
                0.35
            ],
            "kodak_gold_200_auc": [
                0.6962262652082502,
                0.4221016828084975,
                0.35
            ],
            "kodak_vision3_50d_uc": [
                0.610842802881601,
                0.27340772291324017,
                0.35
            ],
            "fujifilm_pro_400h_auc": [
                0.6386923018842956,
                0.3667259324849564,
                0.35
            ],
            "fujifilm_xtra_400_auc": [
                0.7653388913642187,
                0.5211404129183558,
                0.35
            ],
            "fujifilm_c200_auc": [
                0.8233947265253116,
                0.5221947487387291,
                0.35
            ]
        }
    },
    "kodak_portra_endura_uc": {
        "BB3200": {
            "kodak_portra_400_auc": [
                0.8130861290330619,
                0.14045660200513363,
                0.35
            ],
            "kodak_ultramax_400_auc": [
                0.7364699324851611,
                0.45843117696271224,
                0.35
            ],
            "kodak_gold_200_auc": [
                0.7330255241925261,
                0.4042347339042366,
                0.35
            ],
            "kodak_vision3_50d_uc": [
                0.6585272346851571,
                0.24558999180716712,
                0.35
            ],
            "fujifilm_pro_400h_auc": [
                0.682673944832117,
                0.343025229316678,
                0.35
            ],
            "fujifilm_xtra_400_auc": [
                0.7937988042399629,
                0.5094049153472548,
                0.35
            ],
            "fujifilm_c200_auc": [
                0.8448054085853676,
                0.5161906701994217,
                0.35
            ]
        }
    },
    "fujifilm_crystal_archive_typeii_uc": {
        "BB3200": {
            "kodak_portra_400_auc": [
                0.9035057521426376,
                0.6772062697339286,
                0.35
            ],
            "kodak_ultramax_400_auc": [
                0.8940172093504313,
                0.7038490171839831,
                0.35
            ],
            "kodak_gold_200_auc": [
                0.8832457428212952,
                0.6615694299823365,
                0.35
            ],
            "kodak_vision3_50d_uc": [
                0.7589525438987038,
                0.20304511162037764,
                0.35
            ],
            "fujifilm_pro_400h_auc": [
                0.8222903132133217,
                0.43269664398193053,
                0.35
            ],
            "fujifilm_xtra_400_auc": [
                0.8693312254230672,
                0.4980557397588971,
                0.35
            ],
            "fujifilm_c200_auc": [
                0.8999105411438256,
                0.6204701068559889,
                0.35
            ]
        }
    }
}