{
    "kodak_endura_premier_uc": {
        "BB3200": {
            "kodak_portra_400_auc": [
                0.7517835334933409,
                0.5849997472059579,
                0.35
            ],
            "kodak_ultramax_400_auc": [
                0.7434486725643519,
                0.6530019684746895,
                0.35
            ],
            "kodak_gold_200_auc": [
                0.7109677433301318,
                0.6035307487275046,
                0.35
            ],
            "kodak_vision3_50d_uc": [
                0.5578450160399546,
                0.3725720227927786,
                0.35
            ],
            "fujifilm_pro_400h_auc": [
                0.5553866559422311,
                0.39064913744010876,
                0.35
            ],
            "fujifilm_xtra_400_auc": [
                0.6948416672665528,
                0.509878310814946,
                0.35
            ],
            "fujifilm_c200_auc": [
                0.7688733249786772,
                0.5974770792894797,
                0.35
            ]
        }
    },
    "kodak_ektacolor_edge_uc": {
        "BB3200": {
            "kodak_portra_400_auc": [
                0.8917979944810844,
                0.7590708336784483,
                0.35
            ],
            "kodak_ultramax_400_auc": [
                0.8871284184187096,
                0.7974065466948607,
                0.35
            ],
            "kodak_gold_200_auc": [
                0.8727020760689193,
                0.7680188117304313,
                0.35
            ],
            "kodak_vision3_50d_uc": [
                0.7552290891025303,
                0.5342376828329588,
                0.35
            ],
            "fujifilm_pro_400h_auc": [
                0.7745163987914345,
                0.5850125337371509,
                0.35
            ],
            "fujifilm_xtra_400_auc": [
                0.8386119466429984,
                0.6576499759591122,
                0.35
            ],
            "fujifilm_c200_auc": [
                0.8821558056035158,
                0.7294669441599756,
                0.35
            ]
        }
    },
    "kodak_supra_endura_uc": {
        "BB3200": {
            "kodak_portra_400_auc": [
                0.8043479492877564,
                0.2207690251444729,
                0.35
            ],
            "kodak_ultramax_400_auc": [
                0.7540098175918782,
                0.5281104549307301,
                0.35
            ],
            "kodak_gold_200_auc": [
                0.7496593876829473,
                0.4787402129017296,
                0.35
            ],
            "kodak_vision3_50d_uc": [
                0.6612941732481928,
                0.31065567490649965,
                0.35
            ],
            "fujifilm_pro_400h_auc": [
                0.6291025653293133,
                0.37087358284187155,
                0.35
            ],
            "fujifilm_xtra_400_auc": [
                0.7577918228871696,
                0.527381143661544,
                0.35
            ],
            "fujifilm_c200_auc": [
                0.8228021687133245,
                0.5346056816818917,
                0.35
            ]
        }
    },
    "kodak_portra_endura_uc": {
        "BB3200": {
            "kodak_portra_400_auc": [
                0.8287688766447477,
                0.21475041152780439,
                0.35
            ],
            "kodak_ultramax_400_auc": [
                0.7846047648002037,
                0.5179286452997155,
                0.35
            ],
            "kodak_gold_200_auc": [
                0.7808380587732294,
                0.46762415493230614,
                0.35
            ],
            "kodak_vision3_50d_uc": [
                0.7038527145976733,
                0.2893578370069406,
                0.35
            ],
            "fujifilm_pro_400h_auc": [
                0.6756008288249762,
                0.34840347409554745,
                0.35
            ],
            "fujifilm_xtra_400_auc": [
                0.7880333647654133,
                0.5166242226316493,
                0.35
            ],
            "fujifilm_c200_auc": [
                0.8449148175239892,
                0.5301677508561135,
                0.35
            ]
        }
    },
    "fujifilm_crystal_archive_typeii_uc": {
        "BB3200": {
            "kodak_portra_400_auc": [
                0.9110423621182921,
                0.710165996204424,
                0.35
            ],
            "kodak_ultramax_400_auc": [
                0.9117181571143628,
                0.754425507408667,
                0.35
            ],
            "kodak_gold_200_auc": [
                0.9024994763954827,
                0.7174584747736635,
                0.35
            ],
            "kodak_vision3_50d_uc": [
                0.7859110830126902,
                0.28848974573260566,
                0.35
            ],
            "fujifilm_pro_400h_auc": [
                0.8173871233096488,
                0.43090332647699797,
                0.35
            ],
            "fujifilm_xtra_400_auc": [
                0.86556343356997,
                0.49904568028490337,
                0.35
            ],
            "fujifilm_c200_auc": [
                0.8994218822742223,
                0.6306216143136517,
                0.35
            ]
        }
    }
}