{
    "kodak_endura_premier_uc": {
        "BB3200": {
            "kodak_portra_400_auc": [
                0.7833412178521965,
                0.588729147475045,
                0.35
            ],
            "kodak_ultramax_400_auc": [
                0.7515009561954994,
                0.6164071057505853,
                0.35
            ],
            "kodak_gold_200_auc": [
                0.7314911184844853,
                0.5290716692950084,
                0.35
            ],
            "kodak_vision3_50d_uc": [
                0.5559697055855725,
                0.17155054017569044,
                0.35
            ],
            "fujifilm_pro_400h_auc": [
                0.7032631708845766,
                0.49206785764030503,
                0.35
            ],
            "fujifilm_xtra_400_auc": [
                0.7276206990677886,
                0.4885063884406939,
                0.35
            ],
            "fujifilm_c200_auc": [
                0.8070148694094735,
                0.6109034400462511,
                0.35
            ]
        }
    },
    "kodak_ektacolor_edge_uc": {
        "BB3200": {
            "kodak_portra_400_auc": [
                0.9042845519608071,
                0.7578508447747934,
                0.35
            ],
            "kodak_ultramax_400_auc": [
                0.8892508101850488,
                0.772644141718311,
                0.35
            ],
            "kodak_gold_200_auc": [
                0.8802786252318318,
                0.720798629111323,
                0.35
            ],
            "kodak_vision3_50d_uc": [
                0.7476018861571382,
                0.3691652729991317,
                0.35
            ],
            "fujifilm_pro_400h_auc": [
                0.849701887941345,
                0.6574876671549772,
                0.35
            ],
            "fujifilm_xtra_400_auc": [
                0.8554073830823631,
                0.6437907203831591,
                0.35
            ],
            "fujifilm_c200_auc": [
                0.9018769698082926,
                0.74111538987941,
                0.35
            ]
        }
    },
    "kodak_supra_endura_uc": {
        "BB3200": {
            "kodak_portra_400_auc": [
                0.8330634921693618,
                0.20916497934557077,
                0.35
            ],
            "kodak_ultramax_400_auc": [
                0.7749584021054654,
                0.4703673593465199,
                0.35
            ],
            "kodak_gold_200_auc": [
                0.7817902232834564,
                0.36421642744481364,
                0.35
            ],
            "kodak_vision3_50d_uc": [
                0.6663772033800737,
                0.14636045199140832,
                0.35
            ],
            "fujifilm_pro_400h_auc": [
                0.767341022078656,
                0.4293154670685104,
                0.35
            ],
            "fujifilm_xtra_400_auc": [
                0.7992688799335469,
                0.5772563334645908,
                0.35
            ],
            "fujifilm_c200_auc": [
                0.8666759356324067,
                0.5912023844420485,
                0.35
            ]
        }
    },
    "kodak_portra_endura_uc": {
        "BB3200": {
            "kodak_portra_400_auc": [
                0.8532080665561518,
                0.2025089463642649,
                0.35
            ],
            "kodak_ultramax_400_auc": [
                0.8019033210217178,
                0.4578565733028241,
                0.35
            ],
            "kodak_gold_200_auc": [
                0.8079323942050084,
                0.3498765319450834,
                0.35
            ],
            "kodak_vision3_50d_uc": [
                0.7067767504628539,
                0.1140268326892283,
                0.35
            ],
            "fujifilm_pro_400h_auc": [
                0.7953247792434947,
                0.4154949144949637,
                0.35
            ],
            "fujifilm_xtra_400_auc": [
                0.8234811115706925,
                0.5675872806515627,
                0.35
            ],
            "fujifilm_c200_auc": [
                0.8828210446523693,
                0.5889039903624167,
                0.35
            ]
        }
    },
    "fujifilm_crystal_archive_typeii_uc": {
        "BB3200": {
            "kodak_portra_400_auc": [
                0.9158575961867496,
                0.7152562870242997,
                0.35
            ],
            "kodak_ultramax_400_auc": [
                0.9076305487104485,
                0.7302568578803762,
                0.35
            ],
            "kodak_gold_200_auc": [
                0.9024194617921674,
                0.6682285661549382,
                0.35
            ],
            "kodak_vision3_50d_uc": [
                0.7720716266293738,
                0.03900280758386504,
                0.35
            ],
            "fujifilm_pro_400h_auc": [
                0.8668048735740911,
                0.5441856005188451,
                0.35
            ],
            "fujifilm_xtra_400_auc": [
                0.8794653573885363,
                0.48409861450285324,
                0.35
            ],
            "fujifilm_c200_auc": [
                0.9129942089502601,
                0.6516210014574303,
                0.35
            ]
        }
    }
}