{
    "kodak_endura_premier_uc": {
        "BB3200": {
            "kodak_portra_400_auc": [
                0.7539416725994543,
                0.6265007269705719,
                0.35
            ],
            "kodak_ultramax_400_auc": [
                0.7463063213962792,
                0.6898330387859054,
                0.35
            ],
            "kodak_gold_200_auc": [
                0.7132230962446966,
                0.6431675157869676,
                0.35
            ],
            "kodak_vision3_50d_uc": [
                0.5609000211159647,
                0.4319331383225627,
                0.35
            ],
            "fujifilm_pro_400h_auc": [
                0.5545703502066439,
                0.46019613644986357,
                0.35
            ],
            "fujifilm_xtra_400_auc": [
                0.6958244226640692,
                0.5579824150117031,
                0.35
            ],
            "fujifilm_c200_auc": [
                0.7630183257586755,
                0.6306485882033601,
                0.35
            ]
        }
    },
    "kodak_ektacolor_edge_uc": {
        "BB3200": {
            "kodak_portra_400_auc": [
                0.8908034961398434,
                0.7787451778066936,
                0.35
            ],
            "kodak_ultramax_400_auc": [
                0.8863639350232472,
                0.8153530867066208,
                0.35
            ],
            "kodak_gold_200_auc": [
                0.8714216896775207,
                0.7871065238957838,
                0.35
            ],
            "kodak_vision3_50d_uc": [
                0.7524417735985681,
                0.5697459552966222,
                0.35
            ],
            "fujifilm_pro_400h_auc": [
                0.7704000432377239,
                0.6252923708268381,
                0.35
            ],
            "fujifilm_xtra_400_auc": [
                0.8364141927615137,
                0.6855421711414424,
                0.35
            ],
            "fujifilm_c200_auc": [
                0.8771002037178077,
                0.7470115359037885,
                0.35
            ]
        }
    },
    "kodak_supra_endura_uc": {
        "BB3200": {
            "kodak_portra_400_auc": [
                0.8042122409464151,
                0.2900856066295173,
                0.35
            ],
            "kodak_ultramax_400_auc": [
                0.7539551866487674,
                0.5713462466683733,
                0.35
            ],
            "kodak_gold_200_auc": [
                0.7484107412654628,
                0.5249200423564448,
                0.35
            ],
            "kodak_vision3_50d_uc": [
                0.6582807866968681,
                0.372878162262023,
                0.35
            ],
            "fujifilm_pro_400h_auc": [
                0.6263826043064942,
                0.42836226965799484,
                0.35
            ],
            "fujifilm_xtra_400_auc": [
                0.755460902592131,
                0.5680316633141814,
                0.35
            ],
            "fujifilm_c200_auc": [
                0.8162091323269234,
                0.5683564737589495,
                0.35
            ]
        }
    },
    "kodak_portra_endura_uc": {
        "BB3200": {
            "kodak_portra_400_auc": [
                0.8274526838546777,
                0.28123097189553664,
                0.35
            ],
            "kodak_ultramax_400_auc": [
                0.7830824262383912,
                0.5603276816648753,
                0.35
            ],
            "kodak_gold_200_auc": [
                0.7782415820094557,
                0.5127884389298014,
                0.35
            ],
            "kodak_vision3_50d_uc": [
                0.6991950653688426,
                0.3510642194203637,
                0.35
            ],
            "fujifilm_pro_400h_auc": [
                0.6710019976516879,
                0.40617368482950855,
                0.35
            ],
            "fujifilm_xtra_400_auc": [
                0.7845522020351654,
                0.5563369157745749,
                0.35
            ],
            "fujifilm_c200_auc": [
                0.8380601265822694,
                0.5618740324794502,
                0.35
            ]
        }
    },
    "fujifilm_crystal_archive_typeii_uc": {
        "BB3200": {
            "kodak_portra_400_auc": [
                0.9105138163170908,
                0.73665438572037,
                0.35
            ],
            "kodak_ultramax_400_auc": [
                0.9114486848719112,
                0.7785151873439595,
                0.35
            ],
            "kodak_gold_200_auc": [
                0.9018840851125136,
                0.7434225554196672,
                0.35
            ],
            "kodak_vision3_50d_uc": [
                0.7833281269655687,
                0.3507154598189552,
                0.35
            ],
            "fujifilm_pro_400h_auc": [
                0.8137089656233322,
                0.49271513596092936,
                0.35
            ],
            "fujifilm_xtra_400_auc": [
                0.863903186210898,
                0.5453901987538379,
                0.35
            ],
            "fujifilm_c200_auc": [
                0.8956348960903013,
                0.6583736319613218,
                0.35
            ]
        }
    }
}